datetime,1st-id,1st-rtt,2nd-id,2nd-rtt,3rd-id,3rd-rtt,4th-id,4th-rtt,5th-id,5th-rtt,6th-id,6th-rtt,7th-id,7th-rtt,8th-id,8th-rtt,9th-id,9th-rtt,10th-id,10th-rtt,11th-id,11th-rtt,12th-id,12th-rtt,13th-id,13th-rtt,14th-id,14th-rtt,15th-id,15th-rtt,16th-id,16th-rtt,17th-id,17th-rtt,18th-id,18th-rtt,19th-id,19th-rtt,20th-id,20th-rtt,21th-id,21th-rtt,22th-id,22th-rtt,23th-id,23th-rtt,24th-id,24th-rtt,25th-id,25th-rtt,26th-id,26th-rtt,27th-id,27th-rtt,28th-id,28th-rtt,29th-id,29th-rtt,30th-id,30th-rtt,ping
2020/02/27 07:00:16,*,,*,,osk004ix51.IIJ.Net(58.138.107.26),35.574,210.173.178.59(210.173.178.59),35.525,*,,*,,*,,*,,*,,*,,*,,server-13-224-139-70.nrt51.r.cloudfront.net(13.224.139.70),52.133,,,,,,,,,,,,,,,,,,,,,,,,,,,,,,,,,,,,,37.779
2020/02/27 07:00:31,*,,*,,osk004ix50.IIJ.Net(58.138.106.118),27.215,210.173.178.59(210.173.178.59),36.409,*,,*,,*,,*,,*,,*,,*,,server-13-224-139-70.nrt51.r.cloudfront.net(13.224.139.70),36.022,,,,,,,,,,,,,,,,,,,,,,,,,,,,,,,,,,,,,38.780
2020/02/27 07:00:46,*,,*,,osk004ix51.IIJ.Net(58.138.106.126),27.620,210.173.178.59(210.173.178.59),36.792,*,,*,,*,,*,,*,,*,,*,,server-13-224-139-70.nrt51.r.cloudfront.net(13.224.139.70),36.380,,,,,,,,,,,,,,,,,,,,,,,,,,,,,,,,,,,,,37.019
2020/02/27 07:01:01,*,,*,,osk004ix51.IIJ.Net(58.138.107.26),44.878,210.173.178.61(210.173.178.61),44.832,*,,*,,*,,*,,*,,*,,*,,server-13-224-139-70.nrt51.r.cloudfront.net(13.224.139.70),53.476,,,,,,,,,,,,,,,,,,,,,,,,,,,,,,,,,,,,,39.309
2020/02/27 07:01:16,*,,*,,osk004ix51.IIJ.Net(58.138.106.126),36.592,210.173.178.59(210.173.178.59),36.468,*,,*,,*,,*,,*,,*,,*,,server-13-224-139-70.nrt51.r.cloudfront.net(13.224.139.70),45.247,,,,,,,,,,,,,,,,,,,,,,,,,,,,,,,,,,,,,37.336
2020/02/27 07:01:31,*,,*,,osk004ix51.IIJ.Net(58.138.106.126),32.166,210.173.178.59(210.173.178.59),32.120,*,,*,,*,,*,,*,,*,,*,,server-13-224-139-70.nrt51.r.cloudfront.net(13.224.139.70),40.764,,,,,,,,,,,,,,,,,,,,,,,,,,,,,,,,,,,,,37.939
2020/02/27 07:01:46,*,,*,,osk004ix50.IIJ.Net(58.138.106.118),27.675,210.173.178.59(210.173.178.59),27.590,*,,*,,*,,*,,*,,*,,*,,server-13-224-139-70.nrt51.r.cloudfront.net(13.224.139.70),45.006,,,,,,,,,,,,,,,,,,,,,,,,,,,,,,,,,,,,,37.116
2020/02/27 07:02:01,*,,*,,osk004ix51.IIJ.Net(58.138.107.26),27.887,210.173.178.59(210.173.178.59),37.760,*,,*,,*,,*,,*,,*,,*,,server-13-224-139-70.nrt51.r.cloudfront.net(13.224.139.70),37.180,,,,,,,,,,,,,,,,,,,,,,,,,,,,,,,,,,,,,38.895
2020/02/27 07:02:16,*,,*,,osk004ix51.IIJ.Net(58.138.107.26),27.946,210.173.178.61(210.173.178.61),29.488,*,,*,,*,,*,,*,,*,,*,,server-13-224-139-70.nrt51.r.cloudfront.net(13.224.139.70),44.481,,,,,,,,,,,,,,,,,,,,,,,,,,,,,,,,,,,,,23.316
2020/02/27 07:02:31,*,,*,,osk004ix50.IIJ.Net(58.138.106.118),45.186,210.173.178.61(210.173.178.61),45.140,*,,*,,*,,*,,*,,*,,*,,server-13-224-139-70.nrt51.r.cloudfront.net(13.224.139.70),53.498,,,,,,,,,,,,,,,,,,,,,,,,,,,,,,,,,,,,,36.372
2020/02/27 07:02:46,*,,*,,osk004ix50.IIJ.Net(58.138.107.18),27.925,210.173.178.59(210.173.178.59),27.842,*,,*,,*,,*,,*,,*,,*,,server-13-224-139-70.nrt51.r.cloudfront.net(13.224.139.70),34.897,,,,,,,,,,,,,,,,,,,,,,,,,,,,,,,,,,,,,41.334
2020/02/27 07:03:01,*,,*,,osk004ix50.IIJ.Net(58.138.107.18),28.924,210.173.178.59(210.173.178.59),28.865,*,,*,,*,,*,,*,,*,,*,,server-13-224-139-70.nrt51.r.cloudfront.net(13.224.139.70),36.419,,,,,,,,,,,,,,,,,,,,,,,,,,,,,,,,,,,,,37.953
2020/02/27 07:03:16,*,,*,,osk004ix51.IIJ.Net(58.138.106.126),37.993,210.173.178.61(210.173.178.61),37.947,*,,*,,*,,*,,*,,*,,*,,server-13-224-139-70.nrt51.r.cloudfront.net(13.224.139.70),46.356,,,,,,,,,,,,,,,,,,,,,,,,,,,,,,,,,,,,,37.652
2020/02/27 07:03:31,*,,*,,osk004ix51.IIJ.Net(58.138.106.126),30.150,210.173.178.59(210.173.178.59),30.100,*,,*,,*,,*,,*,,*,,*,,server-13-224-139-70.nrt51.r.cloudfront.net(13.224.139.70),39.749,,,,,,,,,,,,,,,,,,,,,,,,,,,,,,,,,,,,,37.434
2020/02/27 07:03:46,*,,*,,osk004ix51.IIJ.Net(58.138.106.126),38.185,210.173.178.59(210.173.178.59),41.271,*,,*,,*,,*,,*,,*,,*,,server-13-224-139-70.nrt51.r.cloudfront.net(13.224.139.70),46.570,,,,,,,,,,,,,,,,,,,,,,,,,,,,,,,,,,,,,36.012
2020/02/27 07:04:01,*,,*,,osk004ix50.IIJ.Net(58.138.106.118),29.965,210.173.178.59(210.173.178.59),29.918,*,,*,,*,,*,,*,,*,,*,,server-13-224-139-70.nrt51.r.cloudfront.net(13.224.139.70),38.528,,,,,,,,,,,,,,,,,,,,,,,,,,,,,,,,,,,,,38.760
2020/02/27 07:04:16,*,,*,,osk004ix51.IIJ.Net(58.138.106.126),34.117,210.173.178.61(210.173.178.61),30.451,*,,*,,*,,*,,*,,*,,*,,server-13-224-139-70.nrt51.r.cloudfront.net(13.224.139.70),47.045,,,,,,,,,,,,,,,,,,,,,,,,,,,,,,,,,,,,,47.033
2020/02/27 07:04:31,*,,*,,osk004ix51.IIJ.Net(58.138.107.26),36.255,210.173.178.59(210.173.178.59),45.159,*,,*,,*,,*,,*,,*,,*,,server-13-224-139-70.nrt51.r.cloudfront.net(13.224.139.70),44.763,,,,,,,,,,,,,,,,,,,,,,,,,,,,,,,,,,,,,37.873
2020/02/27 07:04:46,*,,*,,osk004ix50.IIJ.Net(58.138.107.18),31.968,210.173.178.61(210.173.178.61),31.855,*,,*,,*,,*,,*,,*,,*,,server-13-224-139-70.nrt51.r.cloudfront.net(13.224.139.70),41.212,,,,,,,,,,,,,,,,,,,,,,,,,,,,,,,,,,,,,39.064
2020/02/27 07:05:01,*,,*,,osk004ix50.IIJ.Net(58.138.106.118),27.275,210.173.178.59(210.173.178.59),27.223,*,,*,,*,,*,,*,,*,,*,,server-13-224-139-70.nrt51.r.cloudfront.net(13.224.139.70),43.928,,,,,,,,,,,,,,,,,,,,,,,,,,,,,,,,,,,,,39.063
2020/02/27 07:05:16,*,,*,,osk004ix50.IIJ.Net(58.138.107.18),29.294,210.173.178.59(210.173.178.59),29.245,*,,*,,*,,*,,*,,*,,*,,server-13-224-139-70.nrt51.r.cloudfront.net(13.224.139.70),37.792,,,,,,,,,,,,,,,,,,,,,,,,,,,,,,,,,,,,,38.642
2020/02/27 07:05:31,*,,*,,osk004ix51.IIJ.Net(58.138.106.126),47.121,210.173.178.59(210.173.178.59),47.693,*,,*,,*,,*,,*,,*,,*,,server-13-224-139-70.nrt51.r.cloudfront.net(13.224.139.70),47.302,,,,,,,,,,,,,,,,,,,,,,,,,,,,,,,,,,,,,42.209
2020/02/27 07:05:46,*,,*,,osk004ix51.IIJ.Net(58.138.106.126),37.928,210.173.178.61(210.173.178.61),42.198,*,,*,,*,,*,,*,,*,,*,,server-13-224-139-70.nrt51.r.cloudfront.net(13.224.139.70),41.534,,,,,,,,,,,,,,,,,,,,,,,,,,,,,,,,,,,,,40.092
2020/02/27 07:06:01,*,,*,,osk004ix51.IIJ.Net(58.138.106.126),27.899,210.173.178.61(210.173.178.61),27.844,*,,*,,*,,*,,*,,*,,*,,server-13-224-139-70.nrt51.r.cloudfront.net(13.224.139.70),36.062,,,,,,,,,,,,,,,,,,,,,,,,,,,,,,,,,,,,,39.341
2020/02/27 07:06:16,*,,*,,osk004ix51.IIJ.Net(58.138.106.126),28.707,210.173.178.59(210.173.178.59),28.663,*,,*,,*,,*,,*,,*,,*,,server-13-224-139-70.nrt51.r.cloudfront.net(13.224.139.70),38.209,,,,,,,,,,,,,,,,,,,,,,,,,,,,,,,,,,,,,38.157
2020/02/27 07:06:31,*,,*,,osk004ix51.IIJ.Net(58.138.106.126),46.483,210.173.178.59(210.173.178.59),46.437,*,,*,,*,,*,,*,,*,,*,,server-13-224-139-70.nrt51.r.cloudfront.net(13.224.139.70),53.532,,,,,,,,,,,,,,,,,,,,,,,,,,,,,,,,,,,,,39.163
2020/02/27 07:06:46,*,,*,,osk004ix51.IIJ.Net(58.138.106.126),21.920,210.173.178.59(210.173.178.59),24.579,*,,*,,*,,*,,*,,*,,*,,server-13-224-139-70.nrt51.r.cloudfront.net(13.224.139.70),38.529,,,,,,,,,,,,,,,,,,,,,,,,,,,,,,,,,,,,,39.562
2020/02/27 07:07:01,*,,*,,osk004ix51.IIJ.Net(58.138.106.126),29.956,210.173.178.59(210.173.178.59),29.909,*,,*,,*,,*,,*,,*,,*,,server-13-224-139-70.nrt51.r.cloudfront.net(13.224.139.70),38.553,,,,,,,,,,,,,,,,,,,,,,,,,,,,,,,,,,,,,40.114
2020/02/27 07:07:16,*,,*,,osk004ix51.IIJ.Net(58.138.107.26),28.381,210.173.178.59(210.173.178.59),28.335,*,,*,,*,,*,,*,,*,,*,,server-13-224-139-70.nrt51.r.cloudfront.net(13.224.139.70),37.007,,,,,,,,,,,,,,,,,,,,,,,,,,,,,,,,,,,,,39.986
2020/02/27 07:07:31,*,,*,,osk004ix51.IIJ.Net(58.138.107.26),54.686,210.173.178.61(210.173.178.61),57.704,*,,*,,*,,*,,*,,*,,*,,server-13-224-139-70.nrt51.r.cloudfront.net(13.224.139.70),62.112,,,,,,,,,,,,,,,,,,,,,,,,,,,,,,,,,,,,,38.244
2020/02/27 07:07:46,*,,*,,osk004ix50.IIJ.Net(58.138.106.118),29.492,210.173.178.59(210.173.178.59),38.437,*,,*,,*,,*,,*,,*,,*,,server-13-224-139-70.nrt51.r.cloudfront.net(13.224.139.70),38.009,,,,,,,,,,,,,,,,,,,,,,,,,,,,,,,,,,,,,37.033
2020/02/27 07:08:01,*,,*,,osk004ix51.IIJ.Net(58.138.107.26),27.730,210.173.178.59(210.173.178.59),27.685,*,,*,,*,,*,,*,,*,,*,,server-13-224-139-70.nrt51.r.cloudfront.net(13.224.139.70),43.494,,,,,,,,,,,,,,,,,,,,,,,,,,,,,,,,,,,,,39.001
2020/02/27 07:08:16,*,,*,,osk004ix51.IIJ.Net(58.138.107.26),40.926,210.173.178.59(210.173.178.59),40.872,*,,*,,*,,*,,*,,*,,*,,server-13-224-139-70.nrt51.r.cloudfront.net(13.224.139.70),51.470,,,,,,,,,,,,,,,,,,,,,,,,,,,,,,,,,,,,,38.627
2020/02/27 07:08:31,*,,*,,osk004ix51.IIJ.Net(58.138.106.126),37.811,210.173.178.59(210.173.178.59),37.762,*,,*,,*,,*,,*,,*,,*,,server-13-224-139-70.nrt51.r.cloudfront.net(13.224.139.70),38.665,,,,,,,,,,,,,,,,,,,,,,,,,,,,,,,,,,,,,39.267
2020/02/27 07:08:46,*,,*,,osk004ix50.IIJ.Net(58.138.107.18),29.418,210.173.178.59(210.173.178.59),29.330,*,,*,,*,,*,,*,,*,,*,,server-13-224-139-70.nrt51.r.cloudfront.net(13.224.139.70),46.084,,,,,,,,,,,,,,,,,,,,,,,,,,,,,,,,,,,,,32.753
2020/02/27 07:09:01,*,,*,,osk004ix51.IIJ.Net(58.138.106.126),34.086,210.173.178.59(210.173.178.59),41.075,*,,*,,*,,*,,*,,*,,*,,server-13-224-139-70.nrt51.r.cloudfront.net(13.224.139.70),43.658,,,,,,,,,,,,,,,,,,,,,,,,,,,,,,,,,,,,,39.979
2020/02/27 07:09:16,*,,*,,osk004ix51.IIJ.Net(58.138.107.26),34.972,210.173.178.59(210.173.178.59),44.878,*,,*,,*,,*,,*,,*,,*,,server-13-224-139-70.nrt51.r.cloudfront.net(13.224.139.70),44.438,,,,,,,,,,,,,,,,,,,,,,,,,,,,,,,,,,,,,38.042
2020/02/27 07:09:31,*,,*,,osk004ix51.IIJ.Net(58.138.107.26),23.857,210.173.178.59(210.173.178.59),32.634,*,,*,,*,,*,,*,,*,,*,,server-13-224-139-70.nrt51.r.cloudfront.net(13.224.139.70),32.204,,,,,,,,,,,,,,,,,,,,,,,,,,,,,,,,,,,,,40.074
2020/02/27 07:09:46,*,,*,,osk004ix50.IIJ.Net(58.138.107.18),28.589,210.173.178.61(210.173.178.61),37.604,*,,*,,*,,*,,*,,*,,*,,server-13-224-139-70.nrt51.r.cloudfront.net(13.224.139.70),37.080,,,,,,,,,,,,,,,,,,,,,,,,,,,,,,,,,,,,,37.808
2020/02/27 07:10:01,*,,*,,osk004ix50.IIJ.Net(58.138.107.18),39.279,210.173.178.59(210.173.178.59),49.250,*,,*,,*,,*,,*,,*,,*,,server-13-224-139-70.nrt51.r.cloudfront.net(13.224.139.70),48.864,,,,,,,,,,,,,,,,,,,,,,,,,,,,,,,,,,,,,39.102
2020/02/27 07:10:16,*,,*,,osk004ix50.IIJ.Net(58.138.106.118),25.790,210.173.178.59(210.173.178.59),35.767,*,,*,,*,,*,,*,,*,,*,,server-13-224-139-70.nrt51.r.cloudfront.net(13.224.139.70),33.077,,,,,,,,,,,,,,,,,,,,,,,,,,,,,,,,,,,,,38.887
2020/02/27 07:10:31,*,,*,,osk004ix50.IIJ.Net(58.138.107.18),25.145,210.173.178.59(210.173.178.59),34.004,*,,*,,*,,*,,*,,*,,*,,server-13-224-139-70.nrt51.r.cloudfront.net(13.224.139.70),33.617,,,,,,,,,,,,,,,,,,,,,,,,,,,,,,,,,,,,,39.191
2020/02/27 07:10:46,*,,*,,osk004ix50.IIJ.Net(58.138.106.118),22.789,210.173.178.59(210.173.178.59),31.815,*,,*,,*,,*,,*,,*,,*,,server-13-224-139-70.nrt51.r.cloudfront.net(13.224.139.70),31.426,,,,,,,,,,,,,,,,,,,,,,,,,,,,,,,,,,,,,39.524
2020/02/27 07:11:01,*,,*,,osk004ix51.IIJ.Net(58.138.106.126),27.109,210.173.178.61(210.173.178.61),36.146,*,,*,,*,,*,,*,,*,,*,,server-13-224-139-70.nrt51.r.cloudfront.net(13.224.139.70),35.751,,,,,,,,,,,,,,,,,,,,,,,,,,,,,,,,,,,,,39.012
2020/02/27 07:11:16,*,,*,,osk004ix51.IIJ.Net(58.138.106.126),46.844,210.173.178.59(210.173.178.59),41.965,*,,*,,*,,*,,*,,*,,*,,server-13-224-139-70.nrt51.r.cloudfront.net(13.224.139.70),41.290,,,,,,,,,,,,,,,,,,,,,,,,,,,,,,,,,,,,,39.487
2020/02/27 07:11:31,*,,*,,osk004ix50.IIJ.Net(58.138.107.18),31.669,210.173.178.59(210.173.178.59),30.060,*,,*,,*,,*,,*,,*,,*,,server-13-224-139-70.nrt51.r.cloudfront.net(13.224.139.70),46.495,,,,,,,,,,,,,,,,,,,,,,,,,,,,,,,,,,,,,29.713
2020/02/27 07:11:46,*,,*,,osk004ix51.IIJ.Net(58.138.106.126),32.573,210.173.178.59(210.173.178.59),32.518,*,,*,,*,,*,,*,,*,,*,,server-13-224-139-70.nrt51.r.cloudfront.net(13.224.139.70),55.126,,,,,,,,,,,,,,,,,,,,,,,,,,,,,,,,,,,,,46.649
2020/02/27 07:12:01,*,,*,,osk004ix50.IIJ.Net(58.138.106.118),30.571,210.173.178.59(210.173.178.59),30.505,*,,*,,*,,*,,*,,*,,*,,server-13-224-139-70.nrt51.r.cloudfront.net(13.224.139.70),38.978,,,,,,,,,,,,,,,,,,,,,,,,,,,,,,,,,,,,,39.141
2020/02/27 07:12:16,*,,*,,osk004ix51.IIJ.Net(58.138.107.26),32.522,210.173.178.59(210.173.178.59),32.473,*,,*,,*,,*,,*,,*,,*,,server-13-224-139-70.nrt51.r.cloudfront.net(13.224.139.70),42.059,,,,,,,,,,,,,,,,,,,,,,,,,,,,,,,,,,,,,28.768
2020/02/27 07:12:31,*,,*,,osk004ix51.IIJ.Net(58.138.106.126),30.937,210.173.178.59(210.173.178.59),47.806,*,,*,,*,,*,,*,,*,,*,,server-13-224-139-70.nrt51.r.cloudfront.net(13.224.139.70),47.365,,,,,,,,,,,,,,,,,,,,,,,,,,,,,,,,,,,,,37.144
2020/02/27 07:12:46,*,,*,,osk004ix51.IIJ.Net(58.138.106.126),29.258,210.173.178.59(210.173.178.59),29.215,*,,*,,*,,*,,*,,*,,*,,server-13-224-139-70.nrt51.r.cloudfront.net(13.224.139.70),45.938,,,,,,,,,,,,,,,,,,,,,,,,,,,,,,,,,,,,,37.886
2020/02/27 07:13:01,*,,*,,osk004ix51.IIJ.Net(58.138.106.126),31.515,210.173.178.59(210.173.178.59),31.471,*,,*,,*,,*,,*,,*,,*,,server-13-224-139-70.nrt51.r.cloudfront.net(13.224.139.70),53.092,,,,,,,,,,,,,,,,,,,,,,,,,,,,,,,,,,,,,40.103
2020/02/27 07:13:16,*,,*,,osk004ix51.IIJ.Net(58.138.106.126),29.840,210.173.178.61(210.173.178.61),29.788,*,,*,,*,,*,,*,,*,,*,,server-13-224-139-70.nrt51.r.cloudfront.net(13.224.139.70),53.389,,,,,,,,,,,,,,,,,,,,,,,,,,,,,,,,,,,,,39.083
2020/02/27 07:13:31,*,,*,,osk004ix51.IIJ.Net(58.138.106.126),30.026,210.173.178.59(210.173.178.59),29.980,*,,*,,*,,*,,*,,*,,*,,server-13-224-139-70.nrt51.r.cloudfront.net(13.224.139.70),39.671,,,,,,,,,,,,,,,,,,,,,,,,,,,,,,,,,,,,,40.664
2020/02/27 07:13:46,*,,*,,osk004ix51.IIJ.Net(58.138.107.26),29.992,210.173.178.59(210.173.178.59),29.947,*,,*,,*,,*,,*,,*,,*,,server-13-224-139-70.nrt51.r.cloudfront.net(13.224.139.70),39.399,,,,,,,,,,,,,,,,,,,,,,,,,,,,,,,,,,,,,38.578
2020/02/27 07:14:01,*,,*,,osk004ix50.IIJ.Net(58.138.107.18),30.589,210.173.178.59(210.173.178.59),30.494,*,,*,,*,,*,,*,,*,,*,,server-13-224-139-70.nrt51.r.cloudfront.net(13.224.139.70),38.862,,,,,,,,,,,,,,,,,,,,,,,,,,,,,,,,,,,,,38.836
2020/02/27 07:14:16,*,,*,,osk004ix50.IIJ.Net(58.138.107.18),29.799,210.173.178.59(210.173.178.59),29.709,*,,*,,*,,*,,*,,*,,*,,server-13-224-139-70.nrt51.r.cloudfront.net(13.224.139.70),37.858,,,,,,,,,,,,,,,,,,,,,,,,,,,,,,,,,,,,,38.857
2020/02/27 07:14:31,*,,*,,osk004ix50.IIJ.Net(58.138.107.18),30.638,210.173.178.59(210.173.178.59),30.551,*,,*,,*,,*,,*,,*,,*,,server-13-224-139-70.nrt51.r.cloudfront.net(13.224.139.70),46.657,,,,,,,,,,,,,,,,,,,,,,,,,,,,,,,,,,,,,40.083
2020/02/27 07:14:46,*,,*,,osk004ix51.IIJ.Net(58.138.107.26),70.066,210.173.178.61(210.173.178.61),46.140,*,,*,,*,,*,,*,,*,,*,,server-13-224-139-70.nrt51.r.cloudfront.net(13.224.139.70),45.748,,,,,,,,,,,,,,,,,,,,,,,,,,,,,,,,,,,,,37.101
2020/02/27 07:15:01,*,,*,,osk004ix51.IIJ.Net(58.138.106.126),32.150,210.173.178.59(210.173.178.59),32.090,*,,*,,*,,*,,*,,*,,*,,server-13-224-139-70.nrt51.r.cloudfront.net(13.224.139.70),41.055,,,,,,,,,,,,,,,,,,,,,,,,,,,,,,,,,,,,,38.221
2020/02/27 07:15:16,*,,*,,osk004ix51.IIJ.Net(58.138.107.26),37.173,210.173.178.59(210.173.178.59),37.776,*,,*,,*,,*,,*,,*,,*,,server-13-224-139-70.nrt51.r.cloudfront.net(13.224.139.70),37.371,,,,,,,,,,,,,,,,,,,,,,,,,,,,,,,,,,,,,36.968
2020/02/27 07:15:31,*,,*,,osk004ix50.IIJ.Net(58.138.106.118),30.398,210.173.178.61(210.173.178.61),47.571,*,,*,,*,,*,,*,,*,,*,,server-13-224-139-70.nrt51.r.cloudfront.net(13.224.139.70),47.180,,,,,,,,,,,,,,,,,,,,,,,,,,,,,,,,,,,,,23.532
2020/02/27 07:15:46,*,,*,,osk004ix51.IIJ.Net(58.138.107.26),31.449,210.173.178.61(210.173.178.61),40.388,*,,*,,*,,*,,*,,*,,*,,server-13-224-139-70.nrt51.r.cloudfront.net(13.224.139.70),39.749,,,,,,,,,,,,,,,,,,,,,,,,,,,,,,,,,,,,,40.989
2020/02/27 07:16:01,*,,*,,osk004ix51.IIJ.Net(58.138.106.126),29.370,210.173.178.59(210.173.178.59),40.404,*,,*,,*,,*,,*,,*,,*,,server-13-224-139-70.nrt51.r.cloudfront.net(13.224.139.70),38.240,,,,,,,,,,,,,,,,,,,,,,,,,,,,,,,,,,,,,46.569
2020/02/27 07:16:16,*,,*,,osk004ix51.IIJ.Net(58.138.106.126),22.011,210.173.178.59(210.173.178.59),21.899,*,,*,,*,,*,,*,,*,,*,,server-13-224-139-70.nrt51.r.cloudfront.net(13.224.139.70),30.479,,,,,,,,,,,,,,,,,,,,,,,,,,,,,,,,,,,,,37.968
2020/02/27 07:16:31,*,,*,,osk004ix51.IIJ.Net(58.138.107.26),30.746,210.173.178.59(210.173.178.59),47.733,*,,*,,*,,*,,*,,*,,*,,server-13-224-139-70.nrt51.r.cloudfront.net(13.224.139.70),47.358,,,,,,,,,,,,,,,,,,,,,,,,,,,,,,,,,,,,,38.704
2020/02/27 07:16:46,*,,*,,osk004ix50.IIJ.Net(58.138.106.118),36.122,210.173.178.61(210.173.178.61),36.075,*,,*,,*,,*,,*,,*,,*,,server-13-224-139-70.nrt51.r.cloudfront.net(13.224.139.70),44.431,,,,,,,,,,,,,,,,,,,,,,,,,,,,,,,,,,,,,39.495
2020/02/27 07:17:01,*,,*,,osk004ix50.IIJ.Net(58.138.106.118),30.420,210.173.178.59(210.173.178.59),30.368,*,,*,,*,,*,,*,,*,,*,,server-13-224-139-70.nrt51.r.cloudfront.net(13.224.139.70),47.101,,,,,,,,,,,,,,,,,,,,,,,,,,,,,,,,,,,,,29.160
2020/02/27 07:17:16,*,,*,,osk004ix50.IIJ.Net(58.138.107.18),30.219,210.173.178.59(210.173.178.59),30.166,*,,*,,*,,*,,*,,*,,*,,server-13-224-139-70.nrt51.r.cloudfront.net(13.224.139.70),38.834,,,,,,,,,,,,,,,,,,,,,,,,,,,,,,,,,,,,,35.327
2020/02/27 07:17:31,*,,*,,osk004ix50.IIJ.Net(58.138.106.118),48.195,210.173.178.59(210.173.178.59),48.105,*,,*,,*,,*,,*,,*,,*,,server-13-224-139-70.nrt51.r.cloudfront.net(13.224.139.70),58.721,,,,,,,,,,,,,,,,,,,,,,,,,,,,,,,,,,,,,38.447
2020/02/27 07:17:46,*,,*,,osk004ix51.IIJ.Net(58.138.106.126),37.298,210.173.178.59(210.173.178.59),41.098,*,,*,,*,,*,,*,,*,,*,,server-13-224-139-70.nrt51.r.cloudfront.net(13.224.139.70),44.774,,,,,,,,,,,,,,,,,,,,,,,,,,,,,,,,,,,,,38.164
2020/02/27 07:18:01,*,,*,,osk004ix51.IIJ.Net(58.138.107.26),41.450,210.173.178.61(210.173.178.61),41.393,*,,*,,*,,*,,*,,*,,*,,server-13-224-139-70.nrt51.r.cloudfront.net(13.224.139.70),50.019,,,,,,,,,,,,,,,,,,,,,,,,,,,,,,,,,,,,,37.810
2020/02/27 07:18:16,*,,*,,osk004ix51.IIJ.Net(58.138.107.26),31.429,210.173.178.59(210.173.178.59),40.686,*,,*,,*,,*,,*,,*,,*,,server-13-224-139-70.nrt51.r.cloudfront.net(13.224.139.70),40.289,,,,,,,,,,,,,,,,,,,,,,,,,,,,,,,,,,,,,27.793
2020/02/27 07:18:31,*,,*,,osk004ix51.IIJ.Net(58.138.106.126),31.485,210.173.178.59(210.173.178.59),31.439,*,,*,,*,,*,,*,,*,,*,,server-13-224-139-70.nrt51.r.cloudfront.net(13.224.139.70),50.419,,,,,,,,,,,,,,,,,,,,,,,,,,,,,,,,,,,,,37.506
2020/02/27 07:18:46,*,,*,,osk004ix51.IIJ.Net(58.138.107.26),31.492,210.173.178.59(210.173.178.59),31.431,*,,*,,*,,*,,*,,*,,*,,server-13-224-139-70.nrt51.r.cloudfront.net(13.224.139.70),40.326,,,,,,,,,,,,,,,,,,,,,,,,,,,,,,,,,,,,,37.276
2020/02/27 07:19:01,*,,*,,osk004ix51.IIJ.Net(58.138.106.126),29.483,210.173.178.61(210.173.178.61),32.367,*,,*,,*,,*,,*,,*,,*,,server-13-224-139-70.nrt51.r.cloudfront.net(13.224.139.70),45.726,,,,,,,,,,,,,,,,,,,,,,,,,,,,,,,,,,,,,39.156
2020/02/27 07:19:16,*,,*,,osk004ix50.IIJ.Net(58.138.107.18),29.373,210.173.178.59(210.173.178.59),48.052,*,,*,,*,,*,,*,,*,,*,,server-13-224-139-70.nrt51.r.cloudfront.net(13.224.139.70),45.956,,,,,,,,,,,,,,,,,,,,,,,,,,,,,,,,,,,,,40.133
2020/02/27 07:19:31,*,,*,,osk004ix51.IIJ.Net(58.138.107.26),29.950,210.173.178.59(210.173.178.59),44.280,*,,*,,*,,*,,*,,*,,*,,server-13-224-139-70.nrt51.r.cloudfront.net(13.224.139.70),38.999,,,,,,,,,,,,,,,,,,,,,,,,,,,,,,,,,,,,,40.560
2020/02/27 07:19:46,*,,*,,osk004ix51.IIJ.Net(58.138.107.26),31.449,210.173.178.61(210.173.178.61),31.369,*,,*,,*,,*,,*,,*,,*,,server-13-224-139-70.nrt51.r.cloudfront.net(13.224.139.70),45.902,,,,,,,,,,,,,,,,,,,,,,,,,,,,,,,,,,,,,36.327
2020/02/27 07:20:01,*,,*,,osk004ix50.IIJ.Net(58.138.107.18),28.203,210.173.178.59(210.173.178.59),28.156,*,,*,,*,,*,,*,,*,,*,,server-13-224-139-70.nrt51.r.cloudfront.net(13.224.139.70),36.689,,,,,,,,,,,,,,,,,,,,,,,,,,,,,,,,,,,,,37.401
2020/02/27 07:20:16,*,,*,,osk004ix51.IIJ.Net(58.138.107.26),40.891,210.173.178.59(210.173.178.59),40.845,*,,*,,*,,*,,*,,*,,*,,server-13-224-139-70.nrt51.r.cloudfront.net(13.224.139.70),49.498,,,,,,,,,,,,,,,,,,,,,,,,,,,,,,,,,,,,,80.372
2020/02/27 07:20:31,*,,*,,osk004ix50.IIJ.Net(58.138.107.18),34.581,210.173.178.59(210.173.178.59),34.533,*,,*,,*,,*,,*,,*,,*,,server-13-224-139-70.nrt51.r.cloudfront.net(13.224.139.70),43.043,,,,,,,,,,,,,,,,,,,,,,,,,,,,,,,,,,,,,37.082
2020/02/27 07:20:46,*,,*,,osk004ix51.IIJ.Net(58.138.106.126),46.361,210.173.178.59(210.173.178.59),46.247,*,,*,,*,,*,,*,,*,,*,,server-13-224-139-70.nrt51.r.cloudfront.net(13.224.139.70),55.562,,,,,,,,,,,,,,,,,,,,,,,,,,,,,,,,,,,,,39.543
2020/02/27 07:21:01,*,,*,,osk004ix50.IIJ.Net(58.138.107.18),31.724,210.173.178.59(210.173.178.59),34.833,*,,*,,*,,*,,*,,*,,*,,server-13-224-139-70.nrt51.r.cloudfront.net(13.224.139.70),49.252,,,,,,,,,,,,,,,,,,,,,,,,,,,,,,,,,,,,,40.226
2020/02/27 07:21:16,*,,*,,osk004ix50.IIJ.Net(58.138.106.118),30.391,210.173.178.61(210.173.178.61),32.036,*,,*,,*,,*,,*,,*,,*,,server-13-224-139-70.nrt51.r.cloudfront.net(13.224.139.70),47.965,,,,,,,,,,,,,,,,,,,,,,,,,,,,,,,,,,,,,38.303
2020/02/27 07:21:31,*,,*,,osk004ix50.IIJ.Net(58.138.107.18),31.551,210.173.178.61(210.173.178.61),33.078,*,,*,,*,,*,,*,,*,,*,,server-13-224-139-70.nrt51.r.cloudfront.net(13.224.139.70),48.081,,,,,,,,,,,,,,,,,,,,,,,,,,,,,,,,,,,,,38.623
2020/02/27 07:21:46,*,,*,,osk004ix50.IIJ.Net(58.138.106.118),22.009,210.173.178.59(210.173.178.59),33.912,*,,*,,*,,*,,*,,*,,*,,server-13-224-139-70.nrt51.r.cloudfront.net(13.224.139.70),31.678,,,,,,,,,,,,,,,,,,,,,,,,,,,,,,,,,,,,,39.683
2020/02/27 07:22:01,*,,*,,osk004ix50.IIJ.Net(58.138.106.118),29.692,210.173.178.59(210.173.178.59),42.179,*,,*,,*,,*,,*,,*,,*,,server-13-224-139-70.nrt51.r.cloudfront.net(13.224.139.70),38.060,,,,,,,,,,,,,,,,,,,,,,,,,,,,,,,,,,,,,39.615
2020/02/27 07:22:16,*,,*,,osk004ix50.IIJ.Net(58.138.107.18),34.498,210.173.178.59(210.173.178.59),43.517,*,,*,,*,,*,,*,,*,,*,,*,,server-13-224-139-70.nrt51.r.cloudfront.net(13.224.139.70),43.078,,,,,,,,,,,,,,,,,,,,,,,,,,,,,,,,,,,37.440
2020/02/27 07:22:31,*,,*,,osk004ix50.IIJ.Net(58.138.107.18),39.800,210.173.178.59(210.173.178.59),55.314,*,,*,,*,,*,,*,,*,,*,,server-13-224-139-70.nrt51.r.cloudfront.net(13.224.139.70),54.884,,,,,,,,,,,,,,,,,,,,,,,,,,,,,,,,,,,,,37.841
2020/02/27 07:22:46,*,,*,,osk004ix51.IIJ.Net(58.138.107.26),33.196,210.173.178.59(210.173.178.59),33.135,*,,*,,*,,*,,*,,*,,*,,server-13-224-139-70.nrt51.r.cloudfront.net(13.224.139.70),41.727,,,,,,,,,,,,,,,,,,,,,,,,,,,,,,,,,,,,,37.963
2020/02/27 07:23:01,*,,*,,osk004ix51.IIJ.Net(58.138.107.26),31.035,210.173.178.59(210.173.178.59),30.991,*,,*,,*,,*,,*,,*,,*,,server-13-224-139-70.nrt51.r.cloudfront.net(13.224.139.70),39.819,,,,,,,,,,,,,,,,,,,,,,,,,,,,,,,,,,,,,28.990
2020/02/27 07:23:16,*,,*,,osk004ix50.IIJ.Net(58.138.107.18),46.449,210.173.178.59(210.173.178.59),21.158,*,,*,,*,,*,,*,,*,,*,,server-13-224-139-70.nrt51.r.cloudfront.net(13.224.139.70),30.980,,,,,,,,,,,,,,,,,,,,,,,,,,,,,,,,,,,,,40.780
2020/02/27 07:23:31,*,,*,,osk004ix51.IIJ.Net(58.138.107.26),39.051,210.173.178.59(210.173.178.59),38.969,*,,*,,*,,*,,*,,*,,*,,server-13-224-139-70.nrt51.r.cloudfront.net(13.224.139.70),47.567,,,,,,,,,,,,,,,,,,,,,,,,,,,,,,,,,,,,,40.187
2020/02/27 07:23:46,*,,*,,osk004ix51.IIJ.Net(58.138.106.126),41.326,210.173.178.59(210.173.178.59),41.272,*,,*,,*,,*,,*,,*,,*,,server-13-224-139-70.nrt51.r.cloudfront.net(13.224.139.70),42.573,,,,,,,,,,,,,,,,,,,,,,,,,,,,,,,,,,,,,37.407
2020/02/27 07:24:01,*,,*,,osk004ix51.IIJ.Net(58.138.107.26),38.908,210.173.178.59(210.173.178.59),38.821,*,,*,,*,,*,,*,,*,,*,,server-13-224-139-70.nrt51.r.cloudfront.net(13.224.139.70),47.458,,,,,,,,,,,,,,,,,,,,,,,,,,,,,,,,,,,,,38.109
2020/02/27 07:24:16,*,,*,,osk004ix50.IIJ.Net(58.138.107.18),33.933,210.173.178.59(210.173.178.59),33.885,*,,*,,*,,*,,*,,*,,*,,server-13-224-139-70.nrt51.r.cloudfront.net(13.224.139.70),42.355,,,,,,,,,,,,,,,,,,,,,,,,,,,,,,,,,,,,,36.190
2020/02/27 07:24:31,*,,*,,osk004ix51.IIJ.Net(58.138.107.26),31.309,210.173.178.59(210.173.178.59),31.260,*,,*,,*,,*,,*,,*,,*,,server-13-224-139-70.nrt51.r.cloudfront.net(13.224.139.70),40.091,,,,,,,,,,,,,,,,,,,,,,,,,,,,,,,,,,,,,37.933
2020/02/27 07:24:46,*,,*,,osk004ix50.IIJ.Net(58.138.107.18),31.714,210.173.178.61(210.173.178.61),48.954,*,,*,,*,,*,,*,,*,,*,,server-13-224-139-70.nrt51.r.cloudfront.net(13.224.139.70),48.555,,,,,,,,,,,,,,,,,,,,,,,,,,,,,,,,,,,,,26.966
2020/02/27 07:25:01,*,,*,,osk004ix50.IIJ.Net(58.138.107.18),39.326,210.173.178.61(210.173.178.61),39.233,*,,*,,*,,*,,*,,*,,*,,server-13-224-139-70.nrt51.r.cloudfront.net(13.224.139.70),47.604,,,,,,,,,,,,,,,,,,,,,,,,,,,,,,,,,,,,,39.171
2020/02/27 07:25:16,*,,*,,osk004ix50.IIJ.Net(58.138.106.118),32.143,210.173.178.59(210.173.178.59),32.099,*,,*,,*,,*,,*,,*,,*,,server-13-224-139-70.nrt51.r.cloudfront.net(13.224.139.70),40.652,,,,,,,,,,,,,,,,,,,,,,,,,,,,,,,,,,,,,29.068
2020/02/27 07:25:31,*,,*,,osk004ix50.IIJ.Net(58.138.106.118),23.932,210.173.178.59(210.173.178.59),32.993,*,,*,,*,,*,,*,,*,,*,,server-13-224-139-70.nrt51.r.cloudfront.net(13.224.139.70),32.610,,,,,,,,,,,,,,,,,,,,,,,,,,,,,,,,,,,,,39.004
2020/02/27 07:25:46,*,,*,,osk004ix51.IIJ.Net(58.138.107.26),28.854,210.173.178.59(210.173.178.59),37.918,*,,*,,*,,*,,*,,*,,*,,server-13-224-139-70.nrt51.r.cloudfront.net(13.224.139.70),37.528,,,,,,,,,,,,,,,,,,,,,,,,,,,,,,,,,,,,,37.580
2020/02/27 07:26:01,*,,*,,osk004ix51.IIJ.Net(58.138.106.126),32.111,210.173.178.59(210.173.178.59),40.599,*,,*,,*,,*,,*,,*,,*,,server-13-224-139-70.nrt51.r.cloudfront.net(13.224.139.70),42.016,,,,,,,,,,,,,,,,,,,,,,,,,,,,,,,,,,,,,37.769
2020/02/27 07:26:16,*,,*,,osk004ix51.IIJ.Net(58.138.107.26),21.006,210.173.178.59(210.173.178.59),29.953,*,,*,,*,,*,,*,,*,,*,,server-13-224-139-70.nrt51.r.cloudfront.net(13.224.139.70),29.492,,,,,,,,,,,,,,,,,,,,,,,,,,,,,,,,,,,,,36.544
2020/02/27 07:26:31,*,,*,,osk004ix50.IIJ.Net(58.138.107.18),30.320,210.173.178.59(210.173.178.59),40.324,*,,*,,*,,*,,*,,*,,*,,server-13-224-139-70.nrt51.r.cloudfront.net(13.224.139.70),39.941,,,,,,,,,,,,,,,,,,,,,,,,,,,,,,,,,,,,,30.080
2020/02/27 07:26:46,*,,*,,osk004ix50.IIJ.Net(58.138.106.118),52.300,210.173.178.59(210.173.178.59),57.227,*,,*,,*,,*,,*,,*,,*,,server-13-224-139-70.nrt51.r.cloudfront.net(13.224.139.70),60.821,,,,,,,,,,,,,,,,,,,,,,,,,,,,,,,,,,,,,34.999
2020/02/27 07:27:01,*,,*,,osk004ix50.IIJ.Net(58.138.106.118),21.973,210.173.178.61(210.173.178.61),21.884,*,,*,,*,,*,,*,,*,,*,,server-13-224-139-70.nrt51.r.cloudfront.net(13.224.139.70),30.232,,,,,,,,,,,,,,,,,,,,,,,,,,,,,,,,,,,,,40.117
2020/02/27 07:27:16,*,,*,,osk004ix50.IIJ.Net(58.138.106.118),40.275,210.173.178.59(210.173.178.59),40.194,*,,*,,*,,*,,*,,*,,*,,server-13-224-139-70.nrt51.r.cloudfront.net(13.224.139.70),47.626,,,,,,,,,,,,,,,,,,,,,,,,,,,,,,,,,,,,,37.897
2020/02/27 07:27:31,*,,*,,osk004ix50.IIJ.Net(58.138.107.18),30.631,210.173.178.59(210.173.178.59),30.582,*,,*,,*,,*,,*,,*,,*,,server-13-224-139-70.nrt51.r.cloudfront.net(13.224.139.70),39.238,,,,,,,,,,,,,,,,,,,,,,,,,,,,,,,,,,,,,47.048
2020/02/27 07:27:46,*,,*,,osk004ix50.IIJ.Net(58.138.106.118),22.016,210.173.178.59(210.173.178.59),21.964,*,,*,,*,,*,,*,,*,,*,,server-13-224-139-70.nrt51.r.cloudfront.net(13.224.139.70),31.509,,,,,,,,,,,,,,,,,,,,,,,,,,,,,,,,,,,,,33.103
2020/02/27 07:28:01,*,,*,,osk004ix51.IIJ.Net(58.138.106.126),22.771,210.173.178.59(210.173.178.59),22.722,*,,*,,*,,*,,*,,*,,*,,server-13-224-139-70.nrt51.r.cloudfront.net(13.224.139.70),31.323,,,,,,,,,,,,,,,,,,,,,,,,,,,,,,,,,,,,,39.113
2020/02/27 07:28:16,*,,*,,osk004ix51.IIJ.Net(58.138.106.126),28.668,210.173.178.59(210.173.178.59),28.620,*,,*,,*,,*,,*,,*,,*,,server-13-224-139-70.nrt51.r.cloudfront.net(13.224.139.70),37.184,,,,,,,,,,,,,,,,,,,,,,,,,,,,,,,,,,,,,39.515
2020/02/27 07:28:31,*,,*,,osk004ix50.IIJ.Net(58.138.107.18),28.520,210.173.178.59(210.173.178.59),28.475,*,,*,,*,,*,,*,,*,,*,,server-13-224-139-70.nrt51.r.cloudfront.net(13.224.139.70),38.034,,,,,,,,,,,,,,,,,,,,,,,,,,,,,,,,,,,,,38.063
2020/02/27 07:28:46,*,,*,,osk004ix50.IIJ.Net(58.138.107.18),38.420,210.173.178.59(210.173.178.59),38.333,*,,*,,*,,*,,*,,*,,*,,server-13-224-139-70.nrt51.r.cloudfront.net(13.224.139.70),55.871,,,,,,,,,,,,,,,,,,,,,,,,,,,,,,,,,,,,,30.419
2020/02/27 07:29:01,*,,*,,osk004ix51.IIJ.Net(58.138.106.126),29.873,210.173.178.59(210.173.178.59),29.826,*,,*,,*,,*,,*,,*,,*,,server-13-224-139-70.nrt51.r.cloudfront.net(13.224.139.70),38.102,,,,,,,,,,,,,,,,,,,,,,,,,,,,,,,,,,,,,39.119
2020/02/27 07:29:16,*,,*,,osk004ix51.IIJ.Net(58.138.107.26),35.301,210.173.178.59(210.173.178.59),35.255,*,,*,,*,,*,,*,,*,,*,,server-13-224-139-70.nrt51.r.cloudfront.net(13.224.139.70),44.575,,,,,,,,,,,,,,,,,,,,,,,,,,,,,,,,,,,,,27.395
2020/02/27 07:29:31,*,,*,,osk004ix51.IIJ.Net(58.138.107.26),39.494,210.173.178.59(210.173.178.59),39.406,*,,*,,*,,*,,*,,*,,*,,server-13-224-139-70.nrt51.r.cloudfront.net(13.224.139.70),47.843,,,,,,,,,,,,,,,,,,,,,,,,,,,,,,,,,,,,,37.419
2020/02/27 07:29:46,*,,*,,osk004ix50.IIJ.Net(58.138.107.18),35.649,210.173.178.61(210.173.178.61),35.602,*,,*,,*,,*,,*,,*,,*,,server-13-224-139-70.nrt51.r.cloudfront.net(13.224.139.70),43.124,,,,,,,,,,,,,,,,,,,,,,,,,,,,,,,,,,,,,36.964
2020/02/27 07:30:01,*,,*,,osk004ix50.IIJ.Net(58.138.107.18),30.053,210.173.178.59(210.173.178.59),31.486,*,,*,,*,,*,,*,,*,,*,,server-13-224-139-70.nrt51.r.cloudfront.net(13.224.139.70),49.500,,,,,,,,,,,,,,,,,,,,,,,,,,,,,,,,,,,,,38.433
2020/02/27 07:30:16,*,,*,,osk004ix51.IIJ.Net(58.138.106.126),29.392,210.173.178.61(210.173.178.61),29.334,*,,*,,*,,*,,*,,*,,*,,server-13-224-139-70.nrt51.r.cloudfront.net(13.224.139.70),37.853,,,,,,,,,,,,,,,,,,,,,,,,,,,,,,,,,,,,,39.293
2020/02/27 07:30:31,*,,*,,osk004ix50.IIJ.Net(58.138.106.118),30.697,210.173.178.59(210.173.178.59),30.601,*,,*,,*,,*,,*,,*,,*,,server-13-224-139-70.nrt51.r.cloudfront.net(13.224.139.70),31.851,,,,,,,,,,,,,,,,,,,,,,,,,,,,,,,,,,,,,38.999
2020/02/27 07:30:46,*,,*,,osk004ix50.IIJ.Net(58.138.107.18),23.233,210.173.178.59(210.173.178.59),40.227,*,,*,,*,,*,,*,,*,,*,,server-13-224-139-70.nrt51.r.cloudfront.net(13.224.139.70),39.843,,,,,,,,,,,,,,,,,,,,,,,,,,,,,,,,,,,,,28.484
2020/02/27 07:31:01,*,,*,,osk004ix50.IIJ.Net(58.138.107.18),25.285,210.173.178.59(210.173.178.59),25.208,*,,*,,*,,*,,*,,*,,*,,server-13-224-139-70.nrt51.r.cloudfront.net(13.224.139.70),33.790,,,,,,,,,,,,,,,,,,,,,,,,,,,,,,,,,,,,,37.198
2020/02/27 07:31:16,*,,*,,osk004ix50.IIJ.Net(58.138.106.118),38.608,210.173.178.59(210.173.178.59),37.326,*,,*,,*,,*,,*,,*,,*,,server-13-224-139-70.nrt51.r.cloudfront.net(13.224.139.70),45.971,,,,,,,,,,,,,,,,,,,,,,,,,,,,,,,,,,,,,39.375
2020/02/27 07:31:31,*,,*,,osk004ix51.IIJ.Net(58.138.107.26),21.709,210.173.178.61(210.173.178.61),21.620,*,,*,,*,,*,,*,,*,,*,,server-13-224-139-70.nrt51.r.cloudfront.net(13.224.139.70),28.962,,,,,,,,,,,,,,,,,,,,,,,,,,,,,,,,,,,,,41.056
2020/02/27 07:31:46,*,,*,,osk004ix50.IIJ.Net(58.138.106.118),24.132,210.173.178.59(210.173.178.59),24.092,*,,*,,*,,*,,*,,*,,*,,server-13-224-139-70.nrt51.r.cloudfront.net(13.224.139.70),33.460,,,,,,,,,,,,,,,,,,,,,,,,,,,,,,,,,,,,,39.126
2020/02/27 07:32:01,*,,*,,osk004ix50.IIJ.Net(58.138.106.118),40.034,210.173.178.59(210.173.178.59),39.991,*,,*,,*,,*,,*,,*,,*,,server-13-224-139-70.nrt51.r.cloudfront.net(13.224.139.70),48.734,,,,,,,,,,,,,,,,,,,,,,,,,,,,,,,,,,,,,24.327
2020/02/27 07:32:16,*,,*,,osk004ix50.IIJ.Net(58.138.106.118),35.968,210.173.178.61(210.173.178.61),35.887,*,,*,,*,,*,,*,,*,,*,,server-13-224-139-70.nrt51.r.cloudfront.net(13.224.139.70),44.422,,,,,,,,,,,,,,,,,,,,,,,,,,,,,,,,,,,,,38.611
2020/02/27 07:32:31,*,,*,,osk004ix51.IIJ.Net(58.138.106.126),31.602,210.173.178.59(210.173.178.59),31.553,*,,*,,*,,*,,*,,*,,*,,server-13-224-139-70.nrt51.r.cloudfront.net(13.224.139.70),40.168,,,,,,,,,,,,,,,,,,,,,,,,,,,,,,,,,,,,,37.653
2020/02/27 07:32:46,*,,*,,osk004ix50.IIJ.Net(58.138.107.18),35.089,210.173.178.59(210.173.178.59),36.305,*,,*,,*,,*,,*,,*,,*,,server-13-224-139-70.nrt51.r.cloudfront.net(13.224.139.70),35.572,,,,,,,,,,,,,,,,,,,,,,,,,,,,,,,,,,,,,37.936
2020/02/27 07:33:01,*,,*,,osk004ix50.IIJ.Net(58.138.106.118),30.423,210.173.178.59(210.173.178.59),30.374,*,,*,,*,,*,,*,,*,,*,,server-13-224-139-70.nrt51.r.cloudfront.net(13.224.139.70),38.985,,,,,,,,,,,,,,,,,,,,,,,,,,,,,,,,,,,,,38.362
2020/02/27 07:33:16,*,,*,,osk004ix50.IIJ.Net(58.138.106.118),28.516,210.173.178.61(210.173.178.61),28.469,*,,*,,*,,*,,*,,*,,*,,server-13-224-139-70.nrt51.r.cloudfront.net(13.224.139.70),39.039,,,,,,,,,,,,,,,,,,,,,,,,,,,,,,,,,,,,,26.656
2020/02/27 07:33:31,*,,*,,osk004ix50.IIJ.Net(58.138.106.118),28.230,210.173.178.61(210.173.178.61),28.186,*,,*,,*,,*,,*,,*,,*,,server-13-224-139-70.nrt51.r.cloudfront.net(13.224.139.70),49.657,,,,,,,,,,,,,,,,,,,,,,,,,,,,,,,,,,,,,38.301
2020/02/27 07:33:46,*,,*,,osk004ix50.IIJ.Net(58.138.107.18),35.732,210.173.178.59(210.173.178.59),35.686,*,,*,,*,,*,,*,,*,,*,,server-13-224-139-70.nrt51.r.cloudfront.net(13.224.139.70),43.296,,,,,,,,,,,,,,,,,,,,,,,,,,,,,,,,,,,,,37.099
2020/02/27 07:34:01,*,,*,,osk004ix50.IIJ.Net(58.138.107.18),30.875,210.173.178.59(210.173.178.59),39.841,*,,*,,*,,*,,*,,*,,*,,server-13-224-139-70.nrt51.r.cloudfront.net(13.224.139.70),41.372,,,,,,,,,,,,,,,,,,,,,,,,,,,,,,,,,,,,,40.002
2020/02/27 07:34:16,*,,*,,osk004ix50.IIJ.Net(58.138.106.118),39.084,210.173.178.59(210.173.178.59),39.037,*,,*,,*,,*,,*,,*,,*,,server-13-224-139-70.nrt51.r.cloudfront.net(13.224.139.70),48.740,,,,,,,,,,,,,,,,,,,,,,,,,,,,,,,,,,,,,32.013
2020/02/27 07:34:31,*,,*,,osk004ix50.IIJ.Net(58.138.107.18),36.424,210.173.178.59(210.173.178.59),39.279,*,,*,,*,,*,,*,,*,,*,,server-13-224-139-70.nrt51.r.cloudfront.net(13.224.139.70),40.705,,,,,,,,,,,,,,,,,,,,,,,,,,,,,,,,,,,,,38.905
2020/02/27 07:34:46,*,,*,,osk004ix51.IIJ.Net(58.138.106.126),45.743,210.173.178.59(210.173.178.59),45.684,*,,*,,*,,*,,*,,*,,*,,server-13-224-139-70.nrt51.r.cloudfront.net(13.224.139.70),54.086,,,,,,,,,,,,,,,,,,,,,,,,,,,,,,,,,,,,,27.244
2020/02/27 07:35:01,*,,*,,osk004ix50.IIJ.Net(58.138.107.18),29.735,210.173.178.59(210.173.178.59),29.689,*,,*,,*,,*,,*,,*,,*,,server-13-224-139-70.nrt51.r.cloudfront.net(13.224.139.70),38.281,,,,,,,,,,,,,,,,,,,,,,,,,,,,,,,,,,,,,38.975
2020/02/27 07:35:16,*,,*,,osk004ix51.IIJ.Net(58.138.107.26),30.671,210.173.178.59(210.173.178.59),30.619,*,,*,,*,,*,,*,,*,,*,,server-13-224-139-70.nrt51.r.cloudfront.net(13.224.139.70),39.207,,,,,,,,,,,,,,,,,,,,,,,,,,,,,,,,,,,,,39.519
2020/02/27 07:35:31,*,,*,,osk004ix51.IIJ.Net(58.138.106.126),40.064,210.173.178.59(210.173.178.59),40.010,*,,*,,*,,*,,*,,*,,*,,server-13-224-139-70.nrt51.r.cloudfront.net(13.224.139.70),48.689,,,,,,,,,,,,,,,,,,,,,,,,,,,,,,,,,,,,,28.578
2020/02/27 07:35:46,*,,*,,osk004ix51.IIJ.Net(58.138.106.126),22.507,210.173.178.59(210.173.178.59),23.981,*,,*,,*,,*,,*,,*,,*,,server-13-224-139-70.nrt51.r.cloudfront.net(13.224.139.70),31.075,,,,,,,,,,,,,,,,,,,,,,,,,,,,,,,,,,,,,38.280
2020/02/27 07:36:01,*,,*,,osk004ix50.IIJ.Net(58.138.107.18),31.034,210.173.178.59(210.173.178.59),30.987,*,,*,,*,,*,,*,,*,,*,,server-13-224-139-70.nrt51.r.cloudfront.net(13.224.139.70),39.620,,,,,,,,,,,,,,,,,,,,,,,,,,,,,,,,,,,,,44.656
2020/02/27 07:36:16,*,,*,,osk004ix50.IIJ.Net(58.138.106.118),31.770,210.173.178.59(210.173.178.59),32.519,*,,*,,*,,*,,*,,*,,*,,server-13-224-139-70.nrt51.r.cloudfront.net(13.224.139.70),32.148,,,,,,,,,,,,,,,,,,,,,,,,,,,,,,,,,,,,,41.168
2020/02/27 07:36:31,*,,*,,osk004ix51.IIJ.Net(58.138.107.26),31.666,210.173.178.61(210.173.178.61),31.616,*,,*,,*,,*,,*,,*,,*,,server-13-224-139-70.nrt51.r.cloudfront.net(13.224.139.70),41.294,,,,,,,,,,,,,,,,,,,,,,,,,,,,,,,,,,,,,21.818
2020/02/27 07:36:46,*,,*,,osk004ix50.IIJ.Net(58.138.107.18),30.296,210.173.178.59(210.173.178.59),30.237,*,,*,,*,,*,,*,,*,,*,,server-13-224-139-70.nrt51.r.cloudfront.net(13.224.139.70),38.755,,,,,,,,,,,,,,,,,,,,,,,,,,,,,,,,,,,,,29.070
2020/02/27 07:37:01,*,,*,,osk004ix50.IIJ.Net(58.138.106.118),31.092,210.173.178.59(210.173.178.59),31.049,*,,*,,*,,*,,*,,*,,*,,server-13-224-139-70.nrt51.r.cloudfront.net(13.224.139.70),39.635,,,,,,,,,,,,,,,,,,,,,,,,,,,,,,,,,,,,,37.530
2020/02/27 07:37:16,*,,*,,osk004ix50.IIJ.Net(58.138.106.118),29.634,210.173.178.59(210.173.178.59),29.557,*,,*,,*,,*,,*,,*,,*,,server-13-224-139-70.nrt51.r.cloudfront.net(13.224.139.70),40.703,,,,,,,,,,,,,,,,,,,,,,,,,,,,,,,,,,,,,38.310
2020/02/27 07:37:31,*,,*,,osk004ix51.IIJ.Net(58.138.106.126),38.492,210.173.178.59(210.173.178.59),38.439,*,,*,,*,,*,,*,,*,,*,,server-13-224-139-70.nrt51.r.cloudfront.net(13.224.139.70),48.245,,,,,,,,,,,,,,,,,,,,,,,,,,,,,,,,,,,,,29.905
2020/02/27 07:37:46,*,,*,,osk004ix50.IIJ.Net(58.138.107.18),23.209,210.173.178.59(210.173.178.59),23.151,*,,*,,*,,*,,*,,*,,*,,server-13-224-139-70.nrt51.r.cloudfront.net(13.224.139.70),31.670,,,,,,,,,,,,,,,,,,,,,,,,,,,,,,,,,,,,,40.220
2020/02/27 07:38:01,*,,*,,osk004ix51.IIJ.Net(58.138.106.126),38.965,210.173.178.59(210.173.178.59),38.916,*,,*,,*,,*,,*,,*,,*,,server-13-224-139-70.nrt51.r.cloudfront.net(13.224.139.70),47.547,,,,,,,,,,,,,,,,,,,,,,,,,,,,,,,,,,,,,37.912
2020/02/27 07:38:16,*,,*,,osk004ix50.IIJ.Net(58.138.107.18),38.297,210.173.178.59(210.173.178.59),55.422,*,,*,,*,,*,,*,,*,,*,,server-13-224-139-70.nrt51.r.cloudfront.net(13.224.139.70),54.800,,,,,,,,,,,,,,,,,,,,,,,,,,,,,,,,,,,,,38.331
2020/02/27 07:38:31,*,,*,,osk004ix51.IIJ.Net(58.138.106.126),29.622,210.173.178.59(210.173.178.59),30.897,*,,*,,*,,*,,*,,*,,*,,server-13-224-139-70.nrt51.r.cloudfront.net(13.224.139.70),30.497,,,,,,,,,,,,,,,,,,,,,,,,,,,,,,,,,,,,,36.449
2020/02/27 07:38:46,*,,*,,osk004ix50.IIJ.Net(58.138.106.118),41.055,210.173.178.59(210.173.178.59),50.086,*,,*,,*,,*,,*,,*,,*,,server-13-224-139-70.nrt51.r.cloudfront.net(13.224.139.70),49.621,,,,,,,,,,,,,,,,,,,,,,,,,,,,,,,,,,,,,37.619
2020/02/27 07:39:01,*,,*,,osk004ix50.IIJ.Net(58.138.107.18),22.139,210.173.178.59(210.173.178.59),22.094,*,,*,,*,,*,,*,,*,,*,,*,,*,,*,,*,,*,,*,,*,,server-13-224-139-70.nrt51.r.cloudfront.net(13.224.139.70),39.747,,,,,,,,,,,,,,,,,,,,,,,37.546
2020/02/27 07:39:16,*,,*,,osk004ix50.IIJ.Net(58.138.107.18),38.896,210.173.178.59(210.173.178.59),38.849,*,,*,,*,,*,,*,,*,,*,,server-13-224-139-70.nrt51.r.cloudfront.net(13.224.139.70),54.720,,,,,,,,,,,,,,,,,,,,,,,,,,,,,,,,,,,,,20.246
2020/02/27 07:39:31,*,,*,,osk004ix50.IIJ.Net(58.138.107.18),39.808,210.173.178.59(210.173.178.59),39.729,*,,*,,*,,*,,*,,*,,*,,server-13-224-139-70.nrt51.r.cloudfront.net(13.224.139.70),49.908,,,,,,,,,,,,,,,,,,,,,,,,,,,,,,,,,,,,,38.089
2020/02/27 07:39:46,*,,*,,osk004ix50.IIJ.Net(58.138.107.18),41.407,210.173.178.59(210.173.178.59),38.879,*,,*,,*,,*,,*,,*,,*,,server-13-224-139-70.nrt51.r.cloudfront.net(13.224.139.70),47.529,,,,,,,,,,,,,,,,,,,,,,,,,,,,,,,,,,,,,38.931
2020/02/27 07:40:01,*,,*,,osk004ix51.IIJ.Net(58.138.106.126),20.670,210.173.178.61(210.173.178.61),30.584,*,,*,,*,,*,,*,,*,,*,,server-13-224-139-70.nrt51.r.cloudfront.net(13.224.139.70),38.283,,,,,,,,,,,,,,,,,,,,,,,,,,,,,,,,,,,,,45.029
2020/02/27 07:40:16,*,,*,,osk004ix50.IIJ.Net(58.138.107.18),22.879,210.173.178.59(210.173.178.59),22.791,*,,*,,*,,*,,*,,*,,*,,server-13-224-139-70.nrt51.r.cloudfront.net(13.224.139.70),31.269,,,,,,,,,,,,,,,,,,,,,,,,,,,,,,,,,,,,,36.535
2020/02/27 07:40:31,*,,*,,osk004ix51.IIJ.Net(58.138.106.126),21.049,210.173.178.59(210.173.178.59),21.002,*,,*,,*,,*,,*,,*,,*,,server-13-224-139-70.nrt51.r.cloudfront.net(13.224.139.70),29.522,,,,,,,,,,,,,,,,,,,,,,,,,,,,,,,,,,,,,38.265
2020/02/27 07:40:46,*,,*,,osk004ix50.IIJ.Net(58.138.107.18),62.769,210.173.178.59(210.173.178.59),66.720,*,,*,,*,,*,,*,,*,,*,,server-13-224-139-70.nrt51.r.cloudfront.net(13.224.139.70),66.341,,,,,,,,,,,,,,,,,,,,,,,,,,,,,,,,,,,,,37.030
2020/02/27 07:41:01,*,,*,,osk004ix50.IIJ.Net(58.138.107.18),38.458,210.173.178.59(210.173.178.59),38.376,*,,*,,*,,*,,*,,*,,*,,server-13-224-139-70.nrt51.r.cloudfront.net(13.224.139.70),48.931,,,,,,,,,,,,,,,,,,,,,,,,,,,,,,,,,,,,,38.951
2020/02/27 07:41:16,*,,*,,osk004ix51.IIJ.Net(58.138.106.126),20.349,210.173.178.61(210.173.178.61),20.305,*,,*,,*,,*,,*,,*,,*,,server-13-224-139-70.nrt51.r.cloudfront.net(13.224.139.70),37.967,,,,,,,,,,,,,,,,,,,,,,,,,,,,,,,,,,,,,38.167
2020/02/27 07:41:31,*,,*,,osk004ix51.IIJ.Net(58.138.106.126),35.679,210.173.178.59(210.173.178.59),35.624,*,,*,,*,,*,,*,,*,,*,,server-13-224-139-70.nrt51.r.cloudfront.net(13.224.139.70),44.641,,,,,,,,,,,,,,,,,,,,,,,,,,,,,,,,,,,,,34.889
2020/02/27 07:41:46,*,,*,,osk004ix51.IIJ.Net(58.138.106.126),39.894,210.173.178.61(210.173.178.61),39.847,*,,*,,*,,*,,*,,*,,*,,server-13-224-139-70.nrt51.r.cloudfront.net(13.224.139.70),48.632,,,,,,,,,,,,,,,,,,,,,,,,,,,,,,,,,,,,,38.333
2020/02/27 07:42:01,*,,*,,osk004ix50.IIJ.Net(58.138.106.118),36.599,210.173.178.61(210.173.178.61),46.612,*,,*,,*,,*,,*,,*,,*,,server-13-224-139-70.nrt51.r.cloudfront.net(13.224.139.70),46.162,,,,,,,,,,,,,,,,,,,,,,,,,,,,,,,,,,,,,39.290
2020/02/27 07:42:16,*,,*,,osk004ix50.IIJ.Net(58.138.107.18),38.955,210.173.178.61(210.173.178.61),38.902,*,,*,,*,,*,,*,,*,,*,,server-13-224-139-70.nrt51.r.cloudfront.net(13.224.139.70),47.560,,,,,,,,,,,,,,,,,,,,,,,,,,,,,,,,,,,,,37.171
2020/02/27 07:42:31,*,,*,,osk004ix51.IIJ.Net(58.138.107.26),37.754,210.173.178.59(210.173.178.59),39.282,*,,*,,*,,*,,*,,*,,*,,server-13-224-139-70.nrt51.r.cloudfront.net(13.224.139.70),38.886,,,,,,,,,,,,,,,,,,,,,,,,,,,,,,,,,,,,,39.215
2020/02/27 07:42:46,*,,*,,osk004ix50.IIJ.Net(58.138.107.18),30.850,210.173.178.59(210.173.178.59),30.786,*,,*,,*,,*,,*,,*,,*,,server-13-224-139-70.nrt51.r.cloudfront.net(13.224.139.70),39.309,,,,,,,,,,,,,,,,,,,,,,,,,,,,,,,,,,,,,37.205
2020/02/27 07:43:01,*,,*,,osk004ix51.IIJ.Net(58.138.106.126),29.261,210.173.178.59(210.173.178.59),29.208,*,,*,,*,,*,,*,,*,,*,,server-13-224-139-70.nrt51.r.cloudfront.net(13.224.139.70),37.846,,,,,,,,,,,,,,,,,,,,,,,,,,,,,,,,,,,,,38.585
2020/02/27 07:43:16,*,,*,,osk004ix51.IIJ.Net(58.138.107.26),26.241,210.173.178.59(210.173.178.59),29.282,*,,*,,*,,*,,*,,*,,*,,server-13-224-139-70.nrt51.r.cloudfront.net(13.224.139.70),34.935,,,,,,,,,,,,,,,,,,,,,,,,,,,,,,,,,,,,,38.175
2020/02/27 07:43:31,*,,*,,osk004ix51.IIJ.Net(58.138.106.126),39.565,210.173.178.59(210.173.178.59),39.509,*,,*,,*,,*,,*,,*,,*,,server-13-224-139-70.nrt51.r.cloudfront.net(13.224.139.70),40.439,,,,,,,,,,,,,,,,,,,,,,,,,,,,,,,,,,,,,39.098
2020/02/27 07:43:46,*,,*,,osk004ix51.IIJ.Net(58.138.107.26),29.180,210.173.178.59(210.173.178.59),38.289,*,,*,,*,,*,,*,,*,,*,,server-13-224-139-70.nrt51.r.cloudfront.net(13.224.139.70),37.896,,,,,,,,,,,,,,,,,,,,,,,,,,,,,,,,,,,,,39.292
2020/02/27 07:44:01,*,,*,,osk004ix50.IIJ.Net(58.138.107.18),39.103,210.173.178.61(210.173.178.61),40.337,*,,*,,*,,*,,*,,*,,*,,server-13-224-139-70.nrt51.r.cloudfront.net(13.224.139.70),39.774,,,,,,,,,,,,,,,,,,,,,,,,,,,,,,,,,,,,,39.093
2020/02/27 07:44:16,*,,*,,osk004ix50.IIJ.Net(58.138.107.18),32.344,210.173.178.59(210.173.178.59),34.010,*,,*,,*,,*,,*,,*,,*,,server-13-224-139-70.nrt51.r.cloudfront.net(13.224.139.70),33.616,,,,,,,,,,,,,,,,,,,,,,,,,,,,,,,,,,,,,38.231
2020/02/27 07:44:31,*,,*,,osk004ix50.IIJ.Net(58.138.107.18),40.369,210.173.178.59(210.173.178.59),63.405,*,,*,,*,,*,,*,,*,,*,,server-13-224-139-70.nrt51.r.cloudfront.net(13.224.139.70),63.006,,,,,,,,,,,,,,,,,,,,,,,,,,,,,,,,,,,,,38.455
2020/02/27 07:44:46,*,,*,,osk004ix50.IIJ.Net(58.138.107.18),39.704,210.173.178.61(210.173.178.61),50.822,*,,*,,*,,*,,*,,*,,*,,server-13-224-139-70.nrt51.r.cloudfront.net(13.224.139.70),50.434,,,,,,,,,,,,,,,,,,,,,,,,,,,,,,,,,,,,,35.437
2020/02/27 07:45:01,*,,*,,osk004ix50.IIJ.Net(58.138.106.118),54.586,210.173.178.61(210.173.178.61),54.507,*,,*,,*,,*,,*,,*,,*,,server-13-224-139-70.nrt51.r.cloudfront.net(13.224.139.70),62.843,,,,,,,,,,,,,,,,,,,,,,,,,,,,,,,,,,,,,39.268
2020/02/27 07:45:16,*,,*,,osk004ix50.IIJ.Net(58.138.106.118),31.677,210.173.178.59(210.173.178.59),40.598,*,,*,,*,,*,,*,,*,,*,,server-13-224-139-70.nrt51.r.cloudfront.net(13.224.139.70),40.214,,,,,,,,,,,,,,,,,,,,,,,,,,,,,,,,,,,,,37.776
2020/02/27 07:45:31,*,,*,,osk004ix51.IIJ.Net(58.138.106.126),39.986,210.173.178.61(210.173.178.61),39.899,*,,*,,*,,*,,*,,*,,*,,server-13-224-139-70.nrt51.r.cloudfront.net(13.224.139.70),55.403,,,,,,,,,,,,,,,,,,,,,,,,,,,,,,,,,,,,,39.021
2020/02/27 07:45:46,*,,*,,osk004ix50.IIJ.Net(58.138.107.18),29.218,210.173.178.59(210.173.178.59),29.148,*,,*,,*,,*,,*,,*,,*,,server-13-224-139-70.nrt51.r.cloudfront.net(13.224.139.70),38.796,,,,,,,,,,,,,,,,,,,,,,,,,,,,,,,,,,,,,46.645
2020/02/27 07:46:01,*,,*,,osk004ix50.IIJ.Net(58.138.107.18),38.641,210.173.178.59(210.173.178.59),39.733,*,,*,,*,,*,,*,,*,,*,,server-13-224-139-70.nrt51.r.cloudfront.net(13.224.139.70),39.152,,,,,,,,,,,,,,,,,,,,,,,,,,,,,,,,,,,,,37.321
2020/02/27 07:46:16,*,,*,,osk004ix51.IIJ.Net(58.138.107.26),39.106,210.173.178.61(210.173.178.61),39.057,*,,*,,*,,*,,*,,*,,*,,server-13-224-139-70.nrt51.r.cloudfront.net(13.224.139.70),46.398,,,,,,,,,,,,,,,,,,,,,,,,,,,,,,,,,,,,,40.693
2020/02/27 07:46:31,*,,*,,osk004ix50.IIJ.Net(58.138.107.18),41.509,210.173.178.59(210.173.178.59),41.463,*,,*,,*,,*,,*,,*,,*,,server-13-224-139-70.nrt51.r.cloudfront.net(13.224.139.70),49.048,,,,,,,,,,,,,,,,,,,,,,,,,,,,,,,,,,,,,39.188
2020/02/27 07:46:46,*,,*,,osk004ix51.IIJ.Net(58.138.107.26),38.045,210.173.178.59(210.173.178.59),37.937,*,,*,,*,,*,,*,,*,,*,,server-13-224-139-70.nrt51.r.cloudfront.net(13.224.139.70),38.693,,,,,,,,,,,,,,,,,,,,,,,,,,,,,,,,,,,,,37.687
2020/02/27 07:47:01,*,,*,,osk004ix50.IIJ.Net(58.138.107.18),42.081,210.173.178.61(210.173.178.61),37.672,*,,*,,*,,*,,*,,*,,*,,server-13-224-139-70.nrt51.r.cloudfront.net(13.224.139.70),41.647,,,,,,,,,,,,,,,,,,,,,,,,,,,,,,,,,,,,,39.558
2020/02/27 07:47:16,*,,*,,osk004ix50.IIJ.Net(58.138.107.18),32.019,210.173.178.61(210.173.178.61),31.938,*,,*,,*,,*,,*,,*,,*,,server-13-224-139-70.nrt51.r.cloudfront.net(13.224.139.70),41.427,,,,,,,,,,,,,,,,,,,,,,,,,,,,,,,,,,,,,28.680
2020/02/27 07:47:31,*,,*,,osk004ix50.IIJ.Net(58.138.107.18),41.275,210.173.178.59(210.173.178.59),42.488,*,,*,,*,,*,,*,,*,,*,,server-13-224-139-70.nrt51.r.cloudfront.net(13.224.139.70),42.093,,,,,,,,,,,,,,,,,,,,,,,,,,,,,,,,,,,,,38.088
2020/02/27 07:47:46,*,,*,,osk004ix50.IIJ.Net(58.138.107.18),36.110,210.173.178.59(210.173.178.59),36.065,*,,*,,*,,*,,*,,*,,*,,server-13-224-139-70.nrt51.r.cloudfront.net(13.224.139.70),44.733,,,,,,,,,,,,,,,,,,,,,,,,,,,,,,,,,,,,,39.366
2020/02/27 07:48:01,*,,*,,osk004ix50.IIJ.Net(58.138.107.18),39.180,210.173.178.59(210.173.178.59),48.265,*,,*,,*,,*,,*,,*,,*,,server-13-224-139-70.nrt51.r.cloudfront.net(13.224.139.70),47.876,,,,,,,,,,,,,,,,,,,,,,,,,,,,,,,,,,,,,38.270
2020/02/27 07:48:16,*,,*,,osk004ix51.IIJ.Net(58.138.107.26),30.641,210.173.178.59(210.173.178.59),30.588,*,,*,,*,,*,,*,,*,,*,,server-13-224-139-70.nrt51.r.cloudfront.net(13.224.139.70),41.205,,,,,,,,,,,,,,,,,,,,,,,,,,,,,,,,,,,,,45.865
2020/02/27 07:48:31,*,,*,,osk004ix50.IIJ.Net(58.138.106.118),32.001,210.173.178.59(210.173.178.59),31.946,*,,*,,*,,*,,*,,*,,*,,server-13-224-139-70.nrt51.r.cloudfront.net(13.224.139.70),40.547,,,,,,,,,,,,,,,,,,,,,,,,,,,,,,,,,,,,,39.245
2020/02/27 07:48:46,*,,*,,osk004ix50.IIJ.Net(58.138.107.18),33.192,210.173.178.59(210.173.178.59),44.034,*,,*,,*,,*,,*,,*,,*,,server-13-224-139-70.nrt51.r.cloudfront.net(13.224.139.70),41.690,,,,,,,,,,,,,,,,,,,,,,,,,,,,,,,,,,,,,34.251
2020/02/27 07:49:01,*,,*,,osk004ix50.IIJ.Net(58.138.107.18),42.654,210.173.178.61(210.173.178.61),52.086,*,,*,,*,,*,,*,,*,,*,,server-13-224-139-70.nrt51.r.cloudfront.net(13.224.139.70),51.697,,,,,,,,,,,,,,,,,,,,,,,,,,,,,,,,,,,,,37.258
2020/02/27 07:49:16,*,,*,,osk004ix51.IIJ.Net(58.138.106.126),44.328,210.173.178.59(210.173.178.59),44.248,*,,*,,*,,*,,*,,*,,*,,server-13-224-139-70.nrt51.r.cloudfront.net(13.224.139.70),52.574,,,,,,,,,,,,,,,,,,,,,,,,,,,,,,,,,,,,,40.147
2020/02/27 07:49:31,*,,*,,osk004ix50.IIJ.Net(58.138.107.18),39.044,210.173.178.59(210.173.178.59),47.833,*,,*,,*,,*,,*,,*,,*,,server-13-224-139-70.nrt51.r.cloudfront.net(13.224.139.70),47.438,,,,,,,,,,,,,,,,,,,,,,,,,,,,,,,,,,,,,37.956
2020/02/27 07:49:46,*,,*,,osk004ix50.IIJ.Net(58.138.106.118),33.323,210.173.178.59(210.173.178.59),33.279,*,,*,,*,,*,,*,,*,,*,,server-13-224-139-70.nrt51.r.cloudfront.net(13.224.139.70),41.967,,,,,,,,,,,,,,,,,,,,,,,,,,,,,,,,,,,,,38.954
2020/02/27 07:50:01,*,,*,,osk004ix51.IIJ.Net(58.138.106.126),34.887,210.173.178.59(210.173.178.59),30.808,*,,*,,*,,*,,*,,*,,*,,server-13-224-139-70.nrt51.r.cloudfront.net(13.224.139.70),39.297,,,,,,,,,,,,,,,,,,,,,,,,,,,,,,,,,,,,,42.511
2020/02/27 07:50:16,*,,*,,osk004ix51.IIJ.Net(58.138.106.126),39.129,210.173.178.59(210.173.178.59),39.075,*,,*,,*,,*,,*,,*,,*,,server-13-224-139-70.nrt51.r.cloudfront.net(13.224.139.70),47.805,,,,,,,,,,,,,,,,,,,,,,,,,,,,,,,,,,,,,38.296
2020/02/27 07:50:31,*,,*,,osk004ix51.IIJ.Net(58.138.107.26),28.866,210.173.178.59(210.173.178.59),28.775,*,,*,,*,,*,,*,,*,,*,,server-13-224-139-70.nrt51.r.cloudfront.net(13.224.139.70),38.287,,,,,,,,,,,,,,,,,,,,,,,,,,,,,,,,,,,,,38.870
2020/02/27 07:50:46,*,,*,,osk004ix51.IIJ.Net(58.138.107.26),42.570,210.173.178.59(210.173.178.59),42.516,*,,*,,*,,*,,*,,*,,*,,server-13-224-139-70.nrt51.r.cloudfront.net(13.224.139.70),51.231,,,,,,,,,,,,,,,,,,,,,,,,,,,,,,,,,,,,,39.128
2020/02/27 07:51:01,*,,*,,osk004ix50.IIJ.Net(58.138.106.118),30.661,210.173.178.59(210.173.178.59),30.619,*,,*,,*,,*,,*,,*,,*,,server-13-224-139-70.nrt51.r.cloudfront.net(13.224.139.70),39.904,,,,,,,,,,,,,,,,,,,,,,,,,,,,,,,,,,,,,38.987
2020/02/27 07:51:16,*,,*,,osk004ix50.IIJ.Net(58.138.106.118),25.113,210.173.178.59(210.173.178.59),25.058,*,,*,,*,,*,,*,,*,,*,,server-13-224-139-70.nrt51.r.cloudfront.net(13.224.139.70),33.737,,,,,,,,,,,,,,,,,,,,,,,,,,,,,,,,,,,,,39.131
2020/02/27 07:51:31,*,,*,,osk004ix50.IIJ.Net(58.138.106.118),28.994,210.173.178.59(210.173.178.59),38.143,*,,*,,*,,*,,*,,*,,*,,server-13-224-139-70.nrt51.r.cloudfront.net(13.224.139.70),38.482,,,,,,,,,,,,,,,,,,,,,,,,,,,,,,,,,,,,,39.784
2020/02/27 07:51:46,*,,*,,osk004ix51.IIJ.Net(58.138.106.126),47.009,210.173.178.59(210.173.178.59),46.910,*,,*,,*,,*,,*,,*,,*,,server-13-224-139-70.nrt51.r.cloudfront.net(13.224.139.70),47.838,,,,,,,,,,,,,,,,,,,,,,,,,,,,,,,,,,,,,38.304
2020/02/27 07:52:01,*,,*,,osk004ix50.IIJ.Net(58.138.106.118),29.435,210.173.178.61(210.173.178.61),38.477,*,,*,,*,,*,,*,,*,,*,,server-13-224-139-70.nrt51.r.cloudfront.net(13.224.139.70),38.097,,,,,,,,,,,,,,,,,,,,,,,,,,,,,,,,,,,,,38.264
2020/02/27 07:52:16,*,,*,,osk004ix51.IIJ.Net(58.138.107.26),38.305,210.173.178.59(210.173.178.59),38.222,*,,*,,*,,*,,*,,*,,*,,server-13-224-139-70.nrt51.r.cloudfront.net(13.224.139.70),48.007,,,,,,,,,,,,,,,,,,,,,,,,,,,,,,,,,,,,,24.437
2020/02/27 07:52:31,*,,*,,osk004ix51.IIJ.Net(58.138.107.26),42.505,210.173.178.59(210.173.178.59),43.584,*,,*,,*,,*,,*,,*,,*,,server-13-224-139-70.nrt51.r.cloudfront.net(13.224.139.70),42.911,,,,,,,,,,,,,,,,,,,,,,,,,,,,,,,,,,,,,39.129
2020/02/27 07:52:46,*,,*,,osk004ix50.IIJ.Net(58.138.107.18),39.416,210.173.178.59(210.173.178.59),39.336,*,,*,,*,,*,,*,,*,,*,,server-13-224-139-70.nrt51.r.cloudfront.net(13.224.139.70),40.195,,,,,,,,,,,,,,,,,,,,,,,,,,,,,,,,,,,,,37.265
2020/02/27 07:53:01,*,,*,,osk004ix51.IIJ.Net(58.138.106.126),33.962,210.173.178.59(210.173.178.59),33.915,*,,*,,*,,*,,*,,*,,*,,server-13-224-139-70.nrt51.r.cloudfront.net(13.224.139.70),42.608,,,,,,,,,,,,,,,,,,,,,,,,,,,,,,,,,,,,,38.143
2020/02/27 07:53:16,*,,*,,osk004ix50.IIJ.Net(58.138.107.18),40.252,210.173.178.59(210.173.178.59),40.180,*,,*,,*,,*,,*,,*,,*,,server-13-224-139-70.nrt51.r.cloudfront.net(13.224.139.70),48.704,,,,,,,,,,,,,,,,,,,,,,,,,,,,,,,,,,,,,37.777
2020/02/27 07:53:31,*,,*,,osk004ix51.IIJ.Net(58.138.106.126),37.681,210.173.178.61(210.173.178.61),37.633,*,,*,,*,,*,,*,,*,,*,,server-13-224-139-70.nrt51.r.cloudfront.net(13.224.139.70),46.246,,,,,,,,,,,,,,,,,,,,,,,,,,,,,,,,,,,,,39.759
2020/02/27 07:53:46,*,,*,,osk004ix50.IIJ.Net(58.138.106.118),40.392,210.173.178.59(210.173.178.59),43.041,*,,*,,*,,*,,*,,*,,*,,server-13-224-139-70.nrt51.r.cloudfront.net(13.224.139.70),49.213,,,,,,,,,,,,,,,,,,,,,,,,,,,,,,,,,,,,,37.295
2020/02/27 07:54:01,*,,*,,osk004ix50.IIJ.Net(58.138.106.118),30.300,210.173.178.59(210.173.178.59),39.064,*,,*,,*,,*,,*,,*,,*,,server-13-224-139-70.nrt51.r.cloudfront.net(13.224.139.70),38.679,,,,,,,,,,,,,,,,,,,,,,,,,,,,,,,,,,,,,42.191
2020/02/27 07:54:16,*,,*,,osk004ix50.IIJ.Net(58.138.107.18),44.505,210.173.178.59(210.173.178.59),44.451,*,,*,,*,,*,,*,,*,,*,,server-13-224-139-70.nrt51.r.cloudfront.net(13.224.139.70),51.098,,,,,,,,,,,,,,,,,,,,,,,,,,,,,,,,,,,,,32.954
2020/02/27 07:54:31,*,,*,,osk004ix50.IIJ.Net(58.138.107.18),31.162,210.173.178.59(210.173.178.59),47.135,*,,*,,*,,*,,*,,*,,*,,server-13-224-139-70.nrt51.r.cloudfront.net(13.224.139.70),46.745,,,,,,,,,,,,,,,,,,,,,,,,,,,,,,,,,,,,,39.064
2020/02/27 07:54:46,*,,*,,osk004ix51.IIJ.Net(58.138.106.126),44.494,210.173.178.59(210.173.178.59),47.578,*,,*,,*,,*,,*,,*,,*,,server-13-224-139-70.nrt51.r.cloudfront.net(13.224.139.70),47.132,,,,,,,,,,,,,,,,,,,,,,,,,,,,,,,,,,,,,38.849
2020/02/27 07:55:01,*,,*,,osk004ix51.IIJ.Net(58.138.107.26),34.374,210.173.178.59(210.173.178.59),42.354,*,,*,,*,,*,,*,,*,,*,,server-13-224-139-70.nrt51.r.cloudfront.net(13.224.139.70),41.944,,,,,,,,,,,,,,,,,,,,,,,,,,,,,,,,,,,,,29.244
2020/02/27 07:55:16,*,,*,,osk004ix50.IIJ.Net(58.138.107.18),34.064,210.173.178.59(210.173.178.59),42.962,*,,*,,*,,*,,*,,*,,*,,server-13-224-139-70.nrt51.r.cloudfront.net(13.224.139.70),42.562,,,,,,,,,,,,,,,,,,,,,,,,,,,,,,,,,,,,,40.122
2020/02/27 07:55:31,*,,*,,osk004ix50.IIJ.Net(58.138.106.118),22.319,210.173.178.61(210.173.178.61),22.238,*,,*,,*,,*,,*,,*,,*,,server-13-224-139-70.nrt51.r.cloudfront.net(13.224.139.70),37.750,,,,,,,,,,,,,,,,,,,,,,,,,,,,,,,,,,,,,40.000
2020/02/27 07:55:46,*,,*,,osk004ix50.IIJ.Net(58.138.107.18),26.867,210.173.178.59(210.173.178.59),26.820,*,,*,,*,,*,,*,,*,,*,,server-13-224-139-70.nrt51.r.cloudfront.net(13.224.139.70),35.543,,,,,,,,,,,,,,,,,,,,,,,,,,,,,,,,,,,,,38.523
2020/02/27 07:56:01,*,,*,,osk004ix50.IIJ.Net(58.138.107.18),35.100,210.173.178.59(210.173.178.59),34.998,*,,*,,*,,*,,*,,*,,*,,server-13-224-139-70.nrt51.r.cloudfront.net(13.224.139.70),51.626,,,,,,,,,,,,,,,,,,,,,,,,,,,,,,,,,,,,,39.030
2020/02/27 07:56:16,*,,*,,osk004ix50.IIJ.Net(58.138.107.18),44.489,210.173.178.59(210.173.178.59),45.723,*,,*,,*,,*,,*,,*,,*,,server-13-224-139-70.nrt51.r.cloudfront.net(13.224.139.70),45.050,,,,,,,,,,,,,,,,,,,,,,,,,,,,,,,,,,,,,24.102
2020/02/27 07:56:31,*,,*,,osk004ix51.IIJ.Net(58.138.106.126),28.500,210.173.178.61(210.173.178.61),37.486,*,,*,,*,,*,,*,,*,,*,,server-13-224-139-70.nrt51.r.cloudfront.net(13.224.139.70),37.954,,,,,,,,,,,,,,,,,,,,,,,,,,,,,,,,,,,,,39.089
2020/02/27 07:56:46,*,,*,,osk004ix50.IIJ.Net(58.138.107.18),44.865,210.173.178.59(210.173.178.59),35.101,*,,*,,*,,*,,*,,*,,*,,server-13-224-139-70.nrt51.r.cloudfront.net(13.224.139.70),42.733,,,,,,,,,,,,,,,,,,,,,,,,,,,,,,,,,,,,,37.236
2020/02/27 07:57:01,*,,*,,osk004ix51.IIJ.Net(58.138.107.26),29.449,210.173.178.59(210.173.178.59),38.534,*,,*,,*,,*,,*,,*,,*,,server-13-224-139-70.nrt51.r.cloudfront.net(13.224.139.70),38.157,,,,,,,,,,,,,,,,,,,,,,,,,,,,,,,,,,,,,39.797
2020/02/27 07:57:16,*,,*,,osk004ix51.IIJ.Net(58.138.107.26),37.501,210.173.178.59(210.173.178.59),38.757,*,,*,,*,,*,,*,,*,,*,,server-13-224-139-70.nrt51.r.cloudfront.net(13.224.139.70),38.377,,,,,,,,,,,,,,,,,,,,,,,,,,,,,,,,,,,,,25.425
2020/02/27 07:57:31,*,,*,,osk004ix51.IIJ.Net(58.138.107.26),39.161,210.173.178.59(210.173.178.59),39.113,*,,*,,*,,*,,*,,*,,*,,server-13-224-139-70.nrt51.r.cloudfront.net(13.224.139.70),47.868,,,,,,,,,,,,,,,,,,,,,,,,,,,,,,,,,,,,,39.315
2020/02/27 07:57:46,*,,*,,osk004ix51.IIJ.Net(58.138.107.26),35.278,210.173.178.59(210.173.178.59),33.515,*,,*,,*,,*,,*,,*,,*,,server-13-224-139-70.nrt51.r.cloudfront.net(13.224.139.70),44.009,,,,,,,,,,,,,,,,,,,,,,,,,,,,,,,,,,,,,38.206
2020/02/27 07:58:01,*,,*,,osk004ix51.IIJ.Net(58.138.106.126),33.833,210.173.178.59(210.173.178.59),33.753,*,,*,,*,,*,,*,,*,,*,,server-13-224-139-70.nrt51.r.cloudfront.net(13.224.139.70),43.212,,,,,,,,,,,,,,,,,,,,,,,,,,,,,,,,,,,,,39.255
2020/02/27 07:58:16,*,,*,,osk004ix50.IIJ.Net(58.138.107.18),39.527,210.173.178.59(210.173.178.59),50.307,*,,*,,*,,*,,*,,*,,*,,server-13-224-139-70.nrt51.r.cloudfront.net(13.224.139.70),48.204,,,,,,,,,,,,,,,,,,,,,,,,,,,,,,,,,,,,,36.553
2020/02/27 07:58:31,*,,*,,osk004ix50.IIJ.Net(58.138.106.118),30.373,210.173.178.59(210.173.178.59),30.283,*,,*,,*,,*,,*,,*,,*,,server-13-224-139-70.nrt51.r.cloudfront.net(13.224.139.70),45.954,,,,,,,,,,,,,,,,,,,,,,,,,,,,,,,,,,,,,39.308
2020/02/27 07:58:46,*,,*,,osk004ix50.IIJ.Net(58.138.106.118),41.406,210.173.178.61(210.173.178.61),41.864,*,,*,,*,,*,,*,,*,,*,,server-13-224-139-70.nrt51.r.cloudfront.net(13.224.139.70),41.293,,,,,,,,,,,,,,,,,,,,,,,,,,,,,,,,,,,,,39.547
2020/02/27 07:59:01,*,,*,,osk004ix50.IIJ.Net(58.138.106.118),39.402,210.173.178.61(210.173.178.61),39.357,*,,*,,*,,*,,*,,*,,*,,server-13-224-139-70.nrt51.r.cloudfront.net(13.224.139.70),49.203,,,,,,,,,,,,,,,,,,,,,,,,,,,,,,,,,,,,,38.288
2020/02/27 07:59:16,*,,*,,osk004ix50.IIJ.Net(58.138.106.118),38.679,210.173.178.59(210.173.178.59),38.625,*,,*,,*,,*,,*,,*,,*,,server-13-224-139-70.nrt51.r.cloudfront.net(13.224.139.70),55.231,,,,,,,,,,,,,,,,,,,,,,,,,,,,,,,,,,,,,40.175
2020/02/27 07:59:31,*,,*,,osk004ix50.IIJ.Net(58.138.107.18),41.848,210.173.178.59(210.173.178.59),41.795,*,,*,,*,,*,,*,,*,,*,,server-13-224-139-70.nrt51.r.cloudfront.net(13.224.139.70),50.118,,,,,,,,,,,,,,,,,,,,,,,,,,,,,,,,,,,,,40.225
2020/02/27 07:59:46,*,,*,,osk004ix50.IIJ.Net(58.138.107.18),33.508,210.173.178.59(210.173.178.59),33.462,*,,*,,*,,*,,*,,*,,*,,server-13-224-139-70.nrt51.r.cloudfront.net(13.224.139.70),43.094,,,,,,,,,,,,,,,,,,,,,,,,,,,,,,,,,,,,,39.086
2020/02/27 08:00:01,*,,*,,osk004ix50.IIJ.Net(58.138.106.118),37.458,210.173.178.59(210.173.178.59),39.335,*,,*,,*,,*,,*,,*,,*,,server-13-224-139-70.nrt51.r.cloudfront.net(13.224.139.70),38.909,,,,,,,,,,,,,,,,,,,,,,,,,,,,,,,,,,,,,39.476
